04/01/2016 ;Lazer;4;DEBITO VISA ELECTRON BRASIL 01/01 DJ CLUB;450586;-56
04/01/2016 ;Outras despesas;6;DEBITO VISA ELECTRON BRASIL 02/01 CARREFOUR TTE 4;222586;-45,65
04/01/2016 ;Lazer;4;DEBITO VISA ELECTRON BRASIL 03/01 VIOLETA RESTAUR;520786;-57,05
04/01/2016 ;Lazer;4;DEBITO VISA ELECTRON BRASIL 03/01 DJ CLUB;385686;-102
04/01/2016 ;Transporte;11;DEBITO VISA ELECTRON BRASIL 03/01 ESTACIONAMENTO.;122886;-7
05/01/2016 ;Alimentação;1;DEBITO VISA ELECTRON BRASIL 05/01 BOB.S.SHOP ARIC;320886;-18,5
06/01/2016 ;Saúde;10;DEBITO AUTOM EMPRESAS CONVENIADAS ESC. BIO PAULI;0;-55,23
06/01/2016 ;Transporte;11;PGTO TITULO OUTRO BCO - INTERNET SAO PAULO TRANSPORTE S/A;141647;-48
06/01/2016 ;Educação;3;DEBITO VISA ELECTRON BRASIL 06/01 LIVR CULTURA;270186;-35,9
06/01/2016 ;Transporte;11;DEBITO VISA ELECTRON BRASIL 06/01 PERTO METRO SAO;525886;-10
06/01/2016 ;Saúde;10;DEBITO VISA ELECTRON BRASIL 06/01 DROGA RAIA F66;362386;-17,36
07/01/2016 ;Salário;9;PAGAMENTO A FORNECEDORES CNPJ 057978850000186;10107;2.300,35
07/01/2016 ;Alimentação;1;DEBITO VISA ELECTRON BRASIL 07/01 PANIFICADORA ER;242186;-7,95
07/01/2016 ;Outras despesas;6;EMISSAO DE DOC D VIA BCE 237-0095-00000032305;92622;-490,81
07/01/2016 ;Transporte;11;PGTO LICENCIAMENTO VEICULOS CANAIS INTERNET LICENCIAMENTO EL;0;-208,93
07/01/2016 ;Transporte;11;PAGAMENTO IPVA-CANAIS INTERNET LICENCIAMENTO EL;0;-59,98
08/01/2016 ;Alimentação;1;DEBITO VISA ELECTRON BRASIL 08/01 CASA DO PASTEL;163686;-5
08/01/2016 ;Alimentação;1;DEBITO VISA ELECTRON BRASIL 08/01 NOEMIA MOTUBO U;345486;-5
08/01/2016 ;Alimentação;1;DEBITO VISA ELECTRON BRASIL 08/01 TEMAKI CAFE;161486;-37,29
08/01/2016 ;Outras despesas;6;DEBITO VISA ELECTRON BRASIL 08/01 PAPER STORE;594886;-12,4
08/01/2016 ;Outras despesas;6;DEBITO VISA ELECTRON BRASIL 08/01 SUPERMERCADO JO;22686;-15,76
11/01/2016 ;Outras despesas;6;TARIFA DOCINTERNET 07/01/2016;0;-7,95
11/01/2016 ;Saúde;10;DEBITO VISA ELECTRON BRASIL 09/01 LABORAMEDI TATU;153886;-75,74
11/01/2016 ;Transporte;11;DEBITO VISA ELECTRON BRASIL 10/01 AUTO POSTO RENO;584386;-50
11/01/2016 ;Lazer;4;DEBITO VISA ELECTRON BRASIL 10/01 VIOLETA RESTAUR;161086;-30,8
11/01/2016 ;Alimentação;1;DEBITO VISA ELECTRON BRASIL 11/01 SORVETAO;545386;-9
11/01/2016 ;Outros rendimentos;7;PAGAMENTO A FORNECEDORES CNPJ 057978850000186;10111;355,46
13/01/2016 ;Transporte;11;DEBITO VISA ELECTRON BRASIL 13/01 ESTACIONAMENTO;45086;-9
14/01/2016 ;Alimentação;1;DEBITO VISA ELECTRON BRASIL 14/01 PADARIA DELICIA;133786;-23,8
14/01/2016 ;Celular;2;RECARGA TELEFONE CELULAR IB 11 *****6651 TIM BRASI;0;-15
18/01/2016 ;Transporte;11;DEBITO VISA ELECTRON BRASIL 18/01 POSTO RENOVACAO;485286;-50
18/01/2016 ;Roupas;8;DEBITO VISA ELECTRON BRASIL 18/01 ZARA.ANALIA FRA;213786;-78
18/01/2016 ;Outros rendimentos;7;REMUNERACAO CONTAMAX CDB;0;7,82
19/01/2016 ;Alimentação;1;DEBITO VISA ELECTRON BRASIL 19/01 PADARIA DELICIA;495186;-5,4
19/01/2016 ;Alimentação;1;DEBITO VISA ELECTRON BRASIL 19/01 RV FAST FOOD;404986;-13
19/01/2016 ;Alimentação;1;DEBITO VISA ELECTRON BRASIL 19/01 PADARIA DELICIA;95286;-12
19/01/2016 ;Roupas;8;DEBITO VISA ELECTRON BRASIL 19/01 C.A.SHOP.TATUAP;95586;-39,98
20/01/2016 ;Alimentação;1;DEBITO VISA ELECTRON BRASIL 20/01 ESFIHA NOVO MUN;151586;-20
21/01/2016 ;Alimentação;1;DEBITO VISA ELECTRON BRASIL 21/01 PADARIA DELICIA;343986;-4,07
21/01/2016 ;Alimentação;1;DEBITO VISA ELECTRON BRASIL 21/01 RB FAST FOOD;211486;-13
21/01/2016 ;Celular;2;RECARGA TELEFONE CELULAR IB 11 *****6651 TIM BRASI;0;-20
22/01/2016 ;Alimentação;1;DEBITO VISA ELECTRON BRASIL 22/01 PADARIA DELICIA;560386;-8,4
22/01/2016 ;Alimentação;1;DEBITO VISA ELECTRON BRASIL 22/01 RB FAST FOOD;254386;-17,5
25/01/2016 ;Outras despesas;6;DEBITO VISA ELECTRON BRASIL 23/01 INSTITUTO DE BE;524086;-20
25/01/2016 ;Outras despesas;6;DEBITO VISA ELECTRON BRASIL 23/01 SUPERMERCADO JO;234186;-10,09
25/01/2016 ;Outras despesas;6;SAQUE NO BANCO 24 HORAS;613485;-40
25/01/2016 ;Transporte;11;DEBITO VISA ELECTRON BRASIL 23/01 POSTO RENOVACAO;323686;-60
25/01/2016 ;Saúde;10;DEBITO VISA ELECTRON BRASIL 23/01 DROGALIS ARUJA;1786;-7,2
25/01/2016 ;Lazer;4;DEBITO VISA ELECTRON BRASIL 23/01 PAGSEGURO;220986;-150
25/01/2016 ;Lazer;4;DEBITO VISA ELECTRON BRASIL 24/01 ACAI TATUAPE;451186;-35,6
25/01/2016 ;Lazer;4;DEBITO VISA ELECTRON BRASIL 25/01 MARE;353986;-175
25/01/2016 ;Alimentação;1;DEBITO VISA ELECTRON BRASIL 25/01 MC DONALDS.A.FR;161086;-53
25/01/2016 ;Outras despesas;6;PGTO TITULO OUTRO BCO - INTERNET PONTOFRIO.COM;215113;-108,97
26/01/2016 ;Alimentação;1;DEBITO VISA ELECTRON BRASIL 26/01 PADARIA DELICIA;62586;-9,5
26/01/2016 ;Alimentação;1;DEBITO VISA ELECTRON BRASIL 26/01 RB FAST FOOD;354986;-16
26/01/2016 ;Alimentação;1;DEBITO VISA ELECTRON BRASIL 26/01 PADARIA DELICIA;314386;-5,5
27/01/2016 ;Moradia;5;PAGAMENTO CONTA LUZ EM CANAIS INTERNET AES ELETROPAULO;0;-92,56
27/01/2016 ;Outras despesas;6;TAR EXTR CONSOLIDADO INTELIGENTE 25/01/2016;0;-5,8
27/01/2016 ;Moradia;5;DEBITO AUT. CONTA AGUA E ESGOTO SABESP;0;-28,9
27/01/2016 ;Alimentação;1;DEBITO VISA ELECTRON BRASIL 27/01 RV FAST FOOD;450586;-13
27/01/2016 ;Alimentação;1;DEBITO VISA ELECTRON BRASIL 27/01 PADARIA DELICIA;75886;-5,5
28/01/2016 ;Alimentação;1;DEBITO VISA ELECTRON BRASIL 28/01 RB FAST FOOD;171086;-13
29/01/2016 ;Alimentação;1;DEBITO VISA ELECTRON BRASIL 29/01 PADARIA DELICIA;120986;-17,23
29/01/2016 ;Outras despesas;6;DEBITO VISA ELECTRON BRASIL 29/01 LOJA DE ACESSOR;291986;-21
01/02/2016 ;Transporte;11;DEBITO VISA ELECTRON BRASIL 30/01 POSTO RENOVACAO;173186;-58
01/02/2016 ;Lazer;4;DEBITO VISA ELECTRON BRASIL 30/01 GRANDE HOTEL BR;563986;-145
01/02/2016 ;Saúde;10;DEBITO VISA ELECTRON BRASIL 30/01 FARMA CONDE;282486;-7,89
01/02/2016 ;Lazer;4;DEBITO VISA ELECTRON BRASIL 30/01 EMPORIO SANTO A;353986;-39,28
01/02/2016 ;Lazer;4;DEBITO VISA ELECTRON BRASIL 30/01 ADELAR ASCOLI;591986;-23,78
01/02/2016 ;Lazer;4;DEBITO VISA ELECTRON BRASIL 31/01 GRANDE HOTEL BR;485886;-6
01/02/2016 ;Lazer;4;DEBITO VISA ELECTRON BRASIL 31/01 TRAIRAGEM;403186;-28,6
01/02/2016 ;Saúde;10;DEBITO AUTOM EMPRESAS CONVENIADAS ESC. BIO PAULI;0;-55,23
01/02/2016 ;Transporte;11;DEBITO VISA ELECTRON BRASIL 01/02 POSTO RENOVACAO;522386;-50
01/02/2016 ;Alimentação;1;DEBITO VISA ELECTRON BRASIL 01/02 PANIFICADORA ER;84086;-5,5
02/02/2016 ;Alimentação;1;DEBITO VISA ELECTRON BRASIL 02/02 FACEFOOD LANCHO;554986;-9
02/02/2016 ;Cartão de crédito;12;PAGAMENTO CARTAO CREDITO BCE 02/02 13:58 CARTAO VISA;135812;-369,39
03/02/2016 ;Saúde;10;DEBITO VISA ELECTRON BRASIL 03/02 DROGARIA SAO PA;231986;-111,58
04/02/2016 ;Alimentação;1;DEBITO VISA ELECTRON BRASIL 04/02 HORTIFRUTI;452286;-4
05/02/2016 ;Salário;9;PAGAMENTO A FORNECEDORES CNPJ 057978850000186;10205;2.092,99
05/02/2016 ;Outras despesas;6;DEBITO VISA ELECTRON BRASIL 06/02 CAPPELA DO FRAD;350686;-44,75
10/02/2016 ;Outras despesas;6;DEBITO VISA ELECTRON BRASIL 06/02 JUAN D A RIVAS;264786;-28
10/02/2016 ;Outras despesas;6;DEBITO VISA ELECTRON BRASIL 06/02 SUPERMERCADO JO;353086;-31,28
10/02/2016 ;Alimentação;1;DEBITO VISA ELECTRON BRASIL 06/02 LANCHONETE BARR;402286;-3
10/02/2016 ;Transporte;11;DEBITO VISA ELECTRON BRASIL 08/02 AUTO POSTO RENO;411486;-50
10/02/2016 ;Transporte;11;PAGAMENTO IPVA-CANAIS INTERNET LICENCIAMENTO EL;0;-59,96
10/02/2016 ;Celular;2;RECARGA TELEFONE CELULAR IB 11 *****6651 TIM BRASI;0;-15
10/02/2016 ;Lazer;4;DEBITO VISA ELECTRON BRASIL 09/02 MANIFESTO BAR;35386;-123,34
10/02/2016 ;Alimentação;1;DEBITO VISA ELECTRON BRASIL 10/02 PADARIA DELICIA;523086;-16,09
10/02/2016 ;Outros rendimentos;7;REMUNERACAO CONTAMAX CDB;0;5,33
15/02/2016 ;Transporte;11;DEBITO VISA ELECTRON BRASIL 13/02 POSTO RENOVACAO;15486;-50
15/02/2016 ;Outras despesas;6;DEBITO VISA ELECTRON BRASIL 13/02 COMERCIAL ESPER;103586;-12,31
15/02/2016 ;Transporte;11;DEBITO VISA ELECTRON BRASIL 14/02 PERTO METRO SAO;43186;-30
15/02/2016 ;Alimentação;1;DEBITO VISA ELECTRON BRASIL 14/02 MC DONALDS LGT;3786;-7
15/02/2016 ;Educação;3;PAGAMENTO DE TITULOS - BCE;150123;-1.804,75
16/02/2016 ;Outras despesas;6;DEBITO VISA ELECTRON BRASIL 16/02 SUPERMERCADO NE;255786;-11,62
16/02/2016 ;Lazer;4;TRANSF VALOR P/ CONTA DIF TITULAR PARA: 4774.01.083902-9;483044;-25,53
17/02/2016 ;Lazer;4;PGTO TITULO OUTRO BCO - INTERNET MOIP PAGAMENTOS S.A.;223726;-22
17/02/2016 ;Transporte;11;DEBITO VISA ELECTRON BRASIL 17/02 ESTACIONAMENTO.;544386;-8
22/02/2016 ;Outras despesas;6;DEBITO VISA ELECTRON BRASIL 20/02 MULTICOMERCIAL;192480;-8,5
22/02/2016 ;Outras despesas;6;DEBITO VISA ELECTRON BRASIL 20/02 NODAJI ELETRON;355280;-25
22/02/2016 ;Alimentação;1;DEBITO VISA ELECTRON BRASIL 20/02 STA EFIGENIA PA;13080;-12,5
22/02/2016 ;Transporte;11;DEBITO VISA ELECTRON BRASIL 20/02 POSTO RENOVACAO;124180;-58
22/02/2016 ;Alimentação;1;DEBITO VISA ELECTRON BRASIL 22/02 PADARIA DELICIA;463080;-4,59
22/02/2016 ;Alimentação;1;DEBITO VISA ELECTRON BRASIL 22/02 RB FAST FOOD;431280;-13
23/02/2016 ;Alimentação;1;DEBITO VISA ELECTRON BRASIL 23/02 PADARIA DELICIA;133680;-4,69
23/02/2016 ;Alimentação;1;DEBITO VISA ELECTRON BRASIL 23/02 NOVA GRILL;594480;-20,49
23/02/2016 ;Celular;2;RECARGA TELEFONE CELULAR IB 11 *****6651 TIM BRASI;0;-20
24/02/2016 ;Moradia;5;DEBITO AUT. CONTA AGUA E ESGOTO SABESP;0;-28,9
24/02/2016 ;Saúde;10;DEBITO VISA ELECTRON BRASIL 24/02 DROGARIA VIVER;362680;-29,75
24/02/2016 ;Outras despesas;6;DEBITO VISA ELECTRON BRASIL 24/02 MERCADO GAGUINH;411080;-5,6
24/02/2016 ;Lazer;4;DEBITO VISA ELECTRON BRASIL 24/02 ESPETO MADEIRA;451680;-181,72
25/02/2016 ;Outras despesas;6;TAR EXTR CONSOLIDADO INTELIGENTE 23/02/2016;0;-5,8
25/02/2016 ;Alimentação;1;DEBITO VISA ELECTRON BRASIL 25/02 NOVA GRILL;423280;-20,49
26/02/2016 ;Alimentação;1;DEBITO VISA ELECTRON BRASIL 26/02 A BRUNETH PAES;535380;-9
29/02/2016 ;Outras despesas;6;DEBITO VISA ELECTRON BRASIL 27/02 PAYLEVEN;370080;-8,5
29/02/2016 ;Outras despesas;6;DEBITO VISA ELECTRON BRASIL 27/02 TRAPEZIO AUTO P;132980;-20
29/02/2016 ;Outras despesas;6;DEBITO VISA ELECTRON BRASIL 27/02 TRAPEZIO AUTO P;173080;-17
29/02/2016 ;Alimentação;1;DEBITO VISA ELECTRON BRASIL 29/02 RB FAST FOOD;494780;-13
29/02/2016 ;Alimentação;1;DEBITO VISA ELECTRON BRASIL 29/02 PADARIA DELICIA;343880;-9,5
01/03/2016 ;Saúde;10;DEBITO AUTOM EMPRESAS CONVENIADAS ESC. BIO PAULI;0;-55,23
01/03/2016 ;Saúde;10;DEBITO AUTOM EMPRESAS CONVENIADAS ESC. BIO PAULI;0;-99,9
01/03/2016 ;Transporte;11;DEBITO VISA ELECTRON BRASIL 01/03 POSTO RENOVACAO;572280;-50
01/03/2016 ;Alimentação;1;DEBITO VISA ELECTRON BRASIL 01/03 PADARIA DELICIA;174580;-6,37
01/03/2016 ;Alimentação;1;DEBITO VISA ELECTRON BRASIL 01/03 J J GRILL;210880;-21,49
02/03/2016 ;Alimentação;1;DEBITO VISA ELECTRON BRASIL 02/03 PADARIA DELICIA;551580;-7
03/03/2016 ;Alimentação;1;DEBITO VISA ELECTRON BRASIL 03/03 SUPERMERCADO SU;561180;-7,25
03/03/2016 ;Alimentação;1;DEBITO VISA ELECTRON BRASIL 03/03 J J GRILL;21880;-21,5
03/03/2016 ;Celular;2;RECARGA TELEFONE CELULAR IB 11 *****6651 TIM BRASI;0;-20
04/03/2016 ;Salário;9;PAGAMENTO A FORNECEDORES CNPJ 057978850000186;10304;3.291,41
04/03/2016 ;Cartão de crédito;12;PAGAMENTO CARTAO CREDITO BCE 04/03 16:46 CARTAO VISA;164635;-419,1
04/03/2016 ;Educação;3;PAGAMENTO DE TITULOS - BCE;164812;-614,37
04/03/2016 ;Educação;3;PAGAMENTO DE TITULOS - BCE;165008;-1.794,54
07/03/2016 ;Outras despesas;6;SAQUE NO BANCO 24 HORAS;759189;-40
07/03/2016 ;Lazer;4;DEBITO VISA ELECTRON BRASIL 05/03 SUPERMERCADO JO;575680;-13,48
07/03/2016 ;Transporte;11;DEBITO VISA ELECTRON BRASIL 05/03 PERTO METRO SAO;293380;-20
07/03/2016 ;Lazer;4;DEBITO VISA ELECTRON BRASIL 06/03 IBOTIRAMA 2004;11180;-5
07/03/2016 ;Lazer;4;DEBITO VISA ELECTRON BRASIL 06/03 IBOTIRAMA 2004;301980;-18,5
07/03/2016 ;Lazer;4;DEBITO VISA ELECTRON BRASIL 06/03 LAB;51680;-30
07/03/2016 ;Alimentação;1;DEBITO VISA ELECTRON BRASIL 06/03 STMARCHE ANALIA;594180;-10,96
07/03/2016 ;Alimentação;1;DEBITO VISA ELECTRON BRASIL 07/03 DIVINA COMIDA;554580;-12
08/03/2016 ;Alimentação;1;DEBITO VISA ELECTRON BRASIL 08/03 SAO JOAO PAES E;584780;-14
10/03/2016 ;Alimentação;1;DEBITO VISA ELECTRON BRASIL 10/03 PADARIA DELICIA;482780;-12,25
14/03/2016 ;Transporte;11;DEBITO VISA ELECTRON BRASIL 13/03 PARE BEM ESTACI;64780;-14
14/03/2016 ;Transporte;11;PAGAMENTO IPVA-CANAIS INTERNET LICENCIAMENTO EL;781000;-59,96
16/03/2016 ;Alimentação;1;DEBITO VISA ELECTRON BRASIL 16/03 STMARCHE ANALIA;475980;-28,48
16/03/2016 ;Saúde;10;DEBITO VISA ELECTRON BRASIL 16/03 DROGARIA SAO PA;321880;-11,98
18/03/2016 ;Transporte;11;DEBITO VISA ELECTRON BRASIL 18/03 POSTO RENOVACAO;83880;-50
21/03/2016 ;Alimentação;1;DEBITO VISA ELECTRON BRASIL 19/03 FREVO;212580;-84,3
21/03/2016 ;Transporte;11;DEBITO VISA ELECTRON BRASIL 19/03 NOVOTEL JARAGUA;13880;-30
22/03/2016 ;Alimentação;1;DEBITO VISA ELECTRON BRASIL 22/03 PANIF.E CONF.A;53880;-4,8
23/03/2016 ;Alimentação;1;DEBITO VISA ELECTRON BRASIL 23/03 STMARCHE ANALIA;210680;-27,95
24/03/2016 ;Transporte;11;DEBITO VISA ELECTRON BRASIL 24/03 POSTO RENOVACAO;135980;-30
28/03/2016 ;Outras despesas;6;TAR EXTR CONSOLIDADO INTELIGENTE 23/03/2016;0;-5,8
28/03/2016 ;Lazer;4;DEBITO VISA ELECTRON BRASIL 26/03 FUSCA AZUL BAR;403780;-14
28/03/2016 ;Lazer;4;DEBITO VISA ELECTRON BRASIL 27/03 FUSCA AZUL BAR;195980;-31
28/03/2016 ;Moradia;5;DEBITO AUT. CONTA AGUA E ESGOTO SABESP;0;-28,9
30/03/2016 ;Outras despesas;6;DEBITO VISA ELECTRON BRASIL 30/03 SUPERMERCADO SU;103080;-27,56
30/03/2016 ;Saúde;10;DEBITO VISA ELECTRON BRASIL 30/03 STMARCHE ANALIA;574380;-12,09
30/03/2016 ;Alimentação;1;DEBITO VISA ELECTRON BRASIL 30/03 KAPALUA RESTAUR;412180;-25,29
30/03/2016 ;Saúde;10;DEBITO VISA ELECTRON BRASIL 30/03 DROGARIA SAO PA;171880;-18,97
31/03/2016 ;Alimentação;1;DEBITO VISA ELECTRON BRASIL 31/03 ESFIHA NOVO MUN;12480;-20
01/04/2016 ;Saúde;10;DEBITO AUTOM EMPRESAS CONVENIADAS ESC. BIO PAULI;0;-96,35
01/04/2016 ;Roupas;8;DEBITO VISA ELECTRON BRASIL 01/04 LOJAS RENNER FL;590480;-29,9
01/04/2016 ;Outras despesas;6;JUROS SALDO UTILIZ ATE LIMITE PERIODO: 01/03 A 31/03/16;0;-27,46
01/04/2016 ;Outras despesas;6;IOF IMPOSTO OPERACOES FINANCEIRAS PERIODO: 01/03 A 31/03/16;0;-0,41
01/04/2016 ;Outras despesas;6;IOF ADICIONAL - AUTOMATICO PERIODO: 01/03 A 31/03/16;0;-2,79
04/04/2016 ;Lazer;4;DEBITO VISA ELECTRON BRASIL 03/04 GOODFELLAS BAR;205680;-17
04/04/2016 ;Outras despesas;6;SAQUE NO ATM INTERAGENCIA;500154;-30
04/04/2016 ;Alimentação;1;DEBITO VISA ELECTRON BRASIL 03/04 SABOR MATE;251580;-15
04/04/2016 ;Celular;2;RECARGA TELEFONE CELULAR IB 11 *****6651 TIM BRASI;0;-20
05/04/2016 ;Transporte;11;DEBITO VISA ELECTRON BRASIL 05/04 POSTO RENOVACAO;113780;-50
06/04/2016 ;Salário;9;PAGAMENTO A FORNECEDORES CNPJ 057978850000186;10406;3.108,84
06/04/2016 ;Cartão de crédito;12;PAGAMENTO CARTAO CREDITO BCE 06/04 12:31 CARTAO VISA;123122;-853,28
06/04/2016 ;Saúde;10;DEBITO VISA ELECTRON BRASIL 06/04 DROGARIA VIVER;165480;-7
07/04/2016 ;Saúde;10;DEBITO VISA ELECTRON BRASIL 07/04 LAVOISIER V CAR;590180;-10,5
07/04/2016 ;Saúde;10;DEBITO VISA ELECTRON BRASIL 07/04 DROGARIA SAO PA;322580;-96,65
08/04/2016 ;Outras despesas;6;DEBITO VISA ELECTRON BRASIL 08/04 SUPERMERCADO SU;451480;-8,59
11/04/2016 ;Lazer;4;DEBITO VISA ELECTRON BRASIL 09/04 MANIFESTO BAR;212280;-40,65
11/04/2016 ;Transporte;11;DEBITO VISA ELECTRON BRASIL 09/04 AUTO POSTO FORC;11680;-9
11/04/2016 ;Lazer;4;DEBITO VISA ELECTRON BRASIL 09/04 BURGERS BEERS G;11280;-47,65
11/04/2016 ;Transporte;11;DEBITO VISA ELECTRON BRASIL 10/04 SERV AUT PEDROD;120280;-3
11/04/2016 ;Transporte;11;DEBITO VISA ELECTRON BRASIL 10/04 PERTO METRO SAO;114580;-30
11/04/2016 ;Alimentação;1;DEBITO VISA ELECTRON BRASIL 10/04 SABOR MATE;124880;-15
11/04/2016 ;Transporte;11;DEBITO VISA ELECTRON BRASIL 11/04 AUTO POSTO RENO;511080;-50
11/04/2016 ;Outras despesas;6;PGTO TITULO OUTRO BCO - INTERNET CONSELHO REGIONAL DE ENGE;101126;-118,23
12/04/2016 ;Saúde;10;DEBITO VISA ELECTRON BRASIL 12/04 DROGARIA SAO PA;64480;-131,04
15/04/2016 ;Alimentação;1;DEBITO VISA ELECTRON BRASIL 15/04 PADARIA DELICIA;40280;-9,5
15/04/2016 ;Transporte;11;DEBITO VISA ELECTRON BRASIL 15/04 POSTO RENOVACAO;294780;-52
18/04/2016 ;Lazer;4;DEBITO VISA ELECTRON BRASIL 16/04 MANIFESTO BAR;455480;-54,29
18/04/2016 ;Outras despesas;6;DEBITO VISA ELECTRON BRASIL 16/04 SUPERRCADO GARO;275680;-23,4
18/04/2016 ;Lazer;4;DEBITO VISA ELECTRON BRASIL 17/04 VIOLETA RESTAUR;363580;-32
18/04/2016 ;Alimentação;1;DEBITO VISA ELECTRON BRASIL 18/04 NOVA GRILL;410980;-29,49
18/04/2016 ;Moradia;5;SAQUE NO ATM INTERAGENCIA;503975;-250
18/04/2016 ;Outras despesas;6;DEBITO VISA ELECTRON BRASIL 18/04 CARREFOUR TTE 4;401080;-36,95
19/04/2016 ;Celular;2;RECARGA TELEFONE CELULAR IB 11 *****6651 TIM BRASI;0;-20
20/04/2016 ;Alimentação;1;DEBITO VISA ELECTRON BRASIL 20/04 DIVINA COMIDA;182080;-13
22/04/2016 ;Transporte;11;DEBITO VISA ELECTRON BRASIL 22/04 AUTO POSTO RENO;220280;-50
22/04/2016 ;Alimentação;1;DEBITO VISA ELECTRON BRASIL 22/04 KI DELICIA;574780;-8
22/04/2016 ;Alimentação;1;DEBITO VISA ELECTRON BRASIL 22/04 PADARIA DELICIA;391680;-23,6
22/04/2016 ;Outras despesas;6;DEBITO VISA ELECTRON BRASIL 22/04 STMARCHE ANALIA;423280;-13,39
25/04/2016 ;Alimentação;1;DEBITO VISA ELECTRON BRASIL 23/04 MORANGO COM ACA;283280;-11
25/04/2016 ;Lazer;4;DEBITO VISA ELECTRON BRASIL 23/04 ESPACO SOM PROD;81080;-10
25/04/2016 ;Lazer;4;DEBITO VISA ELECTRON BRASIL 23/04 ESPACO SOM PROD;144380;-2
25/04/2016 ;Outras despesas;6;DEBITO VISA ELECTRON BRASIL 24/04 A POSTO FORCA M;32580;-16,29
25/04/2016 ;Outras despesas;6;DEBITO VISA ELECTRON BRASIL 24/04 SUPERRCADO GARO;322180;-19,16
25/04/2016 ;Alimentação;1;DEBITO VISA ELECTRON BRASIL 25/04 NOVA GRILL;362280;-21,49
26/04/2016 ;Alimentação;1;DEBITO VISA ELECTRON BRASIL 26/04 GRAO EXPRESSO P;361580;-11,5
26/04/2016 ;Alimentação;1;DEBITO VISA ELECTRON BRASIL 26/04 MC DONALDS.TATU;105780;-6
27/04/2016 ;Outras despesas;6;TAR EXTR CONSOLIDADO INTELIGENTE 25/04/2016;0;-5,8
27/04/2016 ;Alimentação;1;DEBITO VISA ELECTRON BRASIL 27/04 PANETTERIA DELI;334580;-9,7
27/04/2016 ;Alimentação;1;DEBITO VISA ELECTRON BRASIL 27/04 PADARIA DELICIA;243180;-14,8
28/04/2016 ;Moradia;5;DEBITO AUT. CONTA AGUA E ESGOTO SABESP;0;-28,9
28/04/2016 ;Alimentação;1;DEBITO VISA ELECTRON BRASIL 28/04 PADARIA DELICIA;434080;-7,15
28/04/2016 ;Alimentação;1;DEBITO VISA ELECTRON BRASIL 28/04 DIVINA COMIDA;405580;-16
28/04/2016 ;Outras despesas;6;DEBITO VISA ELECTRON BRASIL 28/04 SUPERMERCADO JO;21880;-9,75
02/05/2016 ;Transporte;11;DEBITO VISA ELECTRON BRASIL 30/04 POSTO RENOVACAO;584380;-50
02/05/2016 ;Lazer;4;DEBITO VISA ELECTRON BRASIL 01/05 VIOLETA PIZZARI;13180;-15
02/05/2016 ;Lazer;4;DEBITO VISA ELECTRON BRASIL 01/05 MANIFESTO BAR;255280;-36,25
02/05/2016 ;Transporte;11;DEBITO VISA ELECTRON BRASIL 01/05 PERTO METRO SAO;121780;-20
02/05/2016 ;Alimentação;1;DEBITO VISA ELECTRON BRASIL 01/05 DOMINIO LANCHES;363380;-6,3
02/05/2016 ;Alimentação;1;DEBITO VISA ELECTRON BRASIL 01/05 BAR E CAFE MONA;563180;-36,3
02/05/2016 ;Saúde;10;DEBITO VISA ELECTRON BRASIL 01/05 DROGA RAIA F66;381180;-32,9
02/05/2016 ;Saúde;10;DEBITO AUTOM EMPRESAS CONVENIADAS ESC. BIO PAULI;0;-79,9
02/05/2016 ;Outras despesas;6;IOF IMPOSTO OPERACOES FINANCEIRAS PERIODO: 01/04 A 30/04/16;0;-0,28
02/05/2016 ;Outras despesas;6;IOF ADICIONAL - AUTOMATICO PERIODO: 01/04 A 30/04/16;0;-1,09
03/05/2016 ;Lazer;4;DEBITO VISA ELECTRON BRASIL 03/05 758 . CINEMARK;60180;-52
03/05/2016 ;Alimentação;1;DEBITO VISA ELECTRON BRASIL 03/05 SAES TUCURUVI;571680;-13
04/05/2016 ;Alimentação;1;DEBITO VISA ELECTRON BRASIL 04/05 KI DELICIA;361080;-8
05/05/2016 ;Transporte;11;DEBITO VISA ELECTRON BRASIL 05/05 AUTO POSTO RENO;202380;-50
05/05/2016 ;Celular;2;RECARGA TELEFONE CELULAR IB 11 *****6651 TIM BRASI;0;-20
06/05/2016 ;Salário;9;PAGAMENTO A FORNECEDORES CNPJ 057978850000186;10506;3.341,97
09/05/2016 ;Cartão de crédito;12;PAGAMENTO CARTAO CREDITO BCE 06/05 23:30 CARTAO VISA;233003;-469,42
09/05/2016 ;Alimentação;1;DEBITO VISA ELECTRON BRASIL 07/05 PASTEIS MATSUO;390180;-10
09/05/2016 ;Alimentação;1;DEBITO VISA ELECTRON BRASIL 07/05 ANGELA DELDUCAS;394080;-6
09/05/2016 ;Alimentação;1;DEBITO VISA ELECTRON BRASIL 07/05 PADARIA DELICIA;485780;-2,52
09/05/2016 ;Outras despesas;6;DEBITO VISA ELECTRON BRASIL 07/05 STMARCHE ANALIA;524380;-39,77
09/05/2016 ;Outras despesas;6;DEBITO VISA ELECTRON BRASIL 07/05 SUPERRCADO GARO;133680;-14,39
09/05/2016 ;Lazer;4;SAQUE NO BANCO 24 HORAS;754492;-50
09/05/2016 ;Outras despesas;6;SAQUE NO BANCO 24 HORAS;532492;-160
09/05/2016 ;Outras despesas;6;PAGAMENTO DE MULTA TRANSITO CANAIS INTERNET PM SAO PAULO MUL;0;-68,1
10/05/2016 ;Transporte;11;DEBITO VISA ELECTRON BRASIL 10/05 AUTO POSTO RENO;72380;-50
10/05/2016 ;Alimentação;1;DEBITO VISA ELECTRON BRASIL 10/05 POSTO JARDIM DE;144380;-9,5
11/05/2016 ;Alimentação;1;DEBITO VISA ELECTRON BRASIL 11/05 STMARCHE ANALIA;510980;-29,81
12/05/2016 ;Saúde;10;DEBITO VISA ELECTRON BRASIL 12/05 DROGARIA SAO PA;425980;-203,94
16/05/2016 ;Lazer;4;DEBITO VISA ELECTRON BRASIL 14/05 JOMAN H LTDA;245680;-39
16/05/2016 ;Alimentação;1;DEBITO VISA ELECTRON BRASIL 14/05 PANIFICADORA ER;160580;-11
16/05/2016 ;Transporte;11;DEBITO VISA ELECTRON BRASIL 15/05 AUTO POSTO RENO;181380;-50
16/05/2016 ;Outras despesas;6;DEBITO VISA ELECTRON BRASIL 15/05 PAVA MOLDURAS;562980;-114,8
16/05/2016 ;Alimentação;1;DEBITO VISA ELECTRON BRASIL 15/05 DIVINO FOGAO.A.;484480;-18,44
16/05/2016 ;Alimentação;1;DEBITO VISA ELECTRON BRASIL 15/05 MC DONALDS.A.FR;133480;-7
16/05/2016 ;Transporte;11;DEBITO VISA ELECTRON BRASIL 15/05 ESTACIONAMENTO.;410880;-8
17/05/2016 ;Alimentação;1;DEBITO VISA ELECTRON BRASIL 17/05 CARREFOUR TTE 4;411980;-23,57
18/05/2016 ;Alimentação;1;DEBITO VISA ELECTRON BRASIL 18/05 STMARCHE ANALIA;130980;-5,69
20/05/2016 ;Transporte;11;DEBITO VISA ELECTRON BRASIL 20/05 AUTO POSTO RENO;15980;-50
20/05/2016 ;Saúde;10;DEBITO VISA ELECTRON BRASIL 20/05 DIA BRASIL LJ 5;215280;-2,99
23/05/2016 ;Celular;2;RECARGA TELEFONE CELULAR IB 11 *****6651 TIM BRASI;0;-15
23/05/2016 ;Alimentação;1;DEBITO VISA ELECTRON BRASIL 21/05 STMARCHE ANALIA;480680;-12,89
23/05/2016 ;Transporte;11;DEBITO VISA ELECTRON BRASIL 22/05 PERTO METRO SAO;102180;-30
23/05/2016 ;Alimentação;1;DEBITO VISA ELECTRON BRASIL 22/05 SABOR MATE;453180;-10
23/05/2016 ;Saúde;10;DEBITO VISA ELECTRON BRASIL 22/05 DROGA RAIA F66;185280;-12,99
23/05/2016 ;Alimentação;1;DEBITO VISA ELECTRON BRASIL 23/05 NOVA GRILL;553180;-21,49
23/05/2016 ;Alimentação;1;DEBITO VISA ELECTRON BRASIL 23/05 STMARCHE ANALIA;500880;-4,4
24/05/2016 ;Alimentação;1;DEBITO VISA ELECTRON BRASIL 24/05 NOVA GRILL;554080;-21,49
25/05/2016 ;Outras despesas;6;TAR EXTR CONSOLIDADO INTELIGENTE 23/05/2016;0;-5,8
27/05/2016 ;Transporte;11;DEBITO VISA ELECTRON BRASIL 26/05 POSTO RENOVACAO;191080;-50
27/05/2016 ;Alimentação;1;DEBITO VISA ELECTRON BRASIL 26/05 STMARCHE ANALIA;280880;-86,72
27/05/2016 ;Moradia;5;DEBITO AUT. CONTA AGUA E ESGOTO SABESP;0;-41,84
27/05/2016 ;Alimentação;1;DEBITO VISA ELECTRON BRASIL 27/05 MC DONALDS.A.FR;52780;-7
27/05/2016 ;Saúde;10;DEBITO VISA ELECTRON BRASIL 27/05 DROGARIA SAO PA;345280;-19,03
27/05/2016 ;Transporte;11;DEBITO VISA ELECTRON BRASIL 27/05 ESTACIONAMENTO.;442180;-8
30/05/2016 ;Alimentação;1;DEBITO VISA ELECTRON BRASIL 28/05 PANIFICADORA ER;515180;-10,5
30/05/2016 ;Transporte;11;SAQUE NO BANCO 24 HORAS;706239;-50
30/05/2016 ;Alimentação;1;DEBITO VISA ELECTRON BRASIL 28/05 MARCOS LAZARO L;200080;-8,5
30/05/2016 ;Alimentação;1;DEBITO VISA ELECTRON BRASIL 28/05 3730 . GRSA UPP;243780;-18
30/05/2016 ;Transporte;11;SAQUE NO ATM INTERAGENCIA;500151;-50
30/05/2016 ;Alimentação;1;DEBITO VISA ELECTRON BRASIL 30/05 PADARIA DELICIA;285980;-5,11
30/05/2016 ;Alimentação;1;DEBITO VISA ELECTRON BRASIL 30/05 NOVA GRILL;362180;-23,49
31/05/2016 ;Alimentação;1;DEBITO VISA ELECTRON BRASIL 31/05 PADARIA DELICIA;552680;-7,91
31/05/2016 ;Alimentação;1;DEBITO VISA ELECTRON BRASIL 31/05 DIVINA COMIDA;422280;-14
31/05/2016 ;Alimentação;1;DEBITO VISA ELECTRON BRASIL 31/05 PADARIA DELICIA;595280;-9,5
01/06/2016 ;Alimentação;1;DEBITO VISA ELECTRON BRASIL 01/06 PADARIA DELICIA;4180;-4,06
01/06/2016 ;Alimentação;1;DEBITO VISA ELECTRON BRASIL 01/06 DIVINA COMIDA;122980;-13
01/06/2016 ;Alimentação;1;DEBITO VISA ELECTRON BRASIL 01/06 STMARCHE ANALIA;430380;-4,13
01/06/2016 ;Alimentação;1;DEBITO VISA ELECTRON BRASIL 01/06 STMARCHE ANALIA;505680;-14,52
01/06/2016 ;Outras despesas;6;IOF IMPOSTO OPERACOES FINANCEIRAS PERIODO: 01/05 A 31/05/16;0;-0,08
01/06/2016 ;Outras despesas;6;IOF ADICIONAL - AUTOMATICO PERIODO: 01/05 A 31/05/16;0;-1,21
02/06/2016 ;Alimentação;1;DEBITO VISA ELECTRON BRASIL 02/06 PANETTERIA DELI;590580;-8,67
02/06/2016 ;Celular;2;RECARGA TELEFONE CELULAR IB 11 *****6651 TIM BRASI;0;-15
03/06/2016 ;Saúde;10;PGTO TITULO OUTRO BCO - INTERNET SUBMARINO.COM - B2W COMPA;230703;-140,93
03/06/2016 ;Cartão de crédito;12;PAGAMENTO CARTAO CREDITO BCE 02/06 23:10 CARTAO VISA;231029;-476,9
03/06/2016 ;Saúde;10;DEBITO AUTOM EMPRESAS CONVENIADAS ESC. BIO PAULI;0;-79,9
03/06/2016 ;Transporte;11;DEBITO VISA ELECTRON BRASIL 03/06 POSTO RENOVACAO;294280;-50
03/06/2016 ;Salário;9;PAGAMENTO A FORNECEDORES CNPJ 057978850000186;10603;3.475,09
03/06/2016 ;Alimentação;1;DEBITO VISA ELECTRON BRASIL 03/06 STMARCHE ANALIA;222580;-14,22
03/06/2016 ;Alimentação;1;DEBITO VISA ELECTRON BRASIL 03/06 STMARCHE ANALIA;275480;-20,61
06/06/2016 ;Saúde;10;DEBITO VISA ELECTRON BRASIL 04/06 FARMAIS;503880;-25,48
06/06/2016 ;Alimentação;1;DEBITO VISA ELECTRON BRASIL 04/06 MINIMERCADO LJ;72380;-23,52
06/06/2016 ;Alimentação;1;DEBITO VISA ELECTRON BRASIL 06/06 STMARCHE ANALIA;111380;-8,29
06/06/2016 ;Outros rendimentos;7;REMUNERACAO CONTAMAX CDB;0;6,15
08/06/2016 ;Alimentação;1;EMISSAO DE DOC E VIA BCE DHYMAS;143454;-98,05
09/06/2016 ;Transporte;11;DEBITO VISA ELECTRON BRASIL 09/06 AUTO POSTO RENO;33180;-50
10/06/2016 ;Outras despesas;6;TARIFA DOCINTERNET 08/06/2016;0;-8,8
10/06/2016 ;Alimentação;1;DEBITO VISA ELECTRON BRASIL 10/06 STMARCHE ANALIA;301280;-3,4
10/06/2016 ;Alimentação;1;DEBITO VISA ELECTRON BRASIL 10/06 STMARCHE ANALIA;155480;-11,49
13/06/2016 ;Alimentação;1;DEBITO VISA ELECTRON BRASIL 13/06 STMARCHE ANALIA;81880;-5,79
14/06/2016 ;Saúde;10;DEBITO VISA ELECTRON BRASIL 14/06 DROGARIA SAO PA;284180;-131,04
15/06/2016 ;Alimentação;1;DEBITO VISA ELECTRON BRASIL 15/06 STMARCHE ANALIA;434280;-39,7
16/06/2016 ;Transporte;11;DEBITO VISA ELECTRON BRASIL 16/06 AUTO POSTO RENO;115380;-50
16/06/2016 ;Outras despesas;6;DEBITO VISA ELECTRON BRASIL 16/06 JOMAN H LTDA;474480;-72
16/06/2016 ;Transporte;11;DEBITO VISA ELECTRON BRASIL 16/06 ESTACIONAMENTO.;520380;-7
20/06/2016 ;Alimentação;1;DEBITO VISA ELECTRON BRASIL 18/06 STMARCHE ANALIA;210580;-29,49
20/06/2016 ;Celular;2;RECARGA TELEFONE CELULAR IB 11 *****6651 TIM BRASI;0;-15
20/06/2016 ;Alimentação;1;DEBITO VISA ELECTRON BRASIL 20/06 RB FAST FOOD;432080;-35
20/06/2016 ;Saúde;10;DEBITO VISA ELECTRON BRASIL 20/06 DROGARIA SAO PA;205380;-14,68
20/06/2016 ;Alimentação;1;DEBITO VISA ELECTRON BRASIL 20/06 JIN JIN TATUAPE;44080;-32,19
20/06/2016 ;Transporte;11;DEBITO VISA ELECTRON BRASIL 20/06 ESTACIONAMENTO.;445180;-7
21/06/2016 ;Alimentação;1;DEBITO VISA ELECTRON BRASIL 21/06 DONA MARICOTA;570380;-10,5
22/06/2016 ;Transporte;11;DEBITO VISA ELECTRON BRASIL 22/06 AUTO POSTO RENO;321380;-50
23/06/2016 ;Alimentação;1;DEBITO VISA ELECTRON BRASIL 23/06 PADARIA DELICIA;184880;-15,16
23/06/2016 ;Alimentação;1;DEBITO VISA ELECTRON BRASIL 23/06 ESPETO DO TATU;242980;-50,93
24/06/2016 ;Saúde;10;DEBITO VISA ELECTRON BRASIL 24/06 DROGARIA VIVER;273180;-4,27
24/06/2016 ;Alimentação;1;DEBITO VISA ELECTRON BRASIL 24/06 ROCK N BREJA;254480;-48,3
24/06/2016 ;Outros rendimentos;7;REMUNERACAO CONTAMAX CDB;0;9,44
27/06/2016 ;Outras despesas;6;TAR EXTR CONSOLIDADO INTELIGENTE 23/06/2016;0;-6,2
27/06/2016 ;Transporte;11;DEBITO VISA ELECTRON BRASIL 25/06 PERTO METRO SAO;10280;-30
27/06/2016 ;Alimentação;1;DEBITO VISA ELECTRON BRASIL 25/06 TOCA DO COELHO;511880;-23,5
27/06/2016 ;Alimentação;1;DEBITO VISA ELECTRON BRASIL 26/06 SUPERMERCADO JO;45480;-40,68
27/06/2016 ;Outras despesas;6;SAQUE NO BANCO 24 HORAS;523381;-20
27/06/2016 ;Alimentação;1;DEBITO VISA ELECTRON BRASIL 27/06 PADARIA DELICIA;325180;-7,98
27/06/2016 ;Transporte;11;DEBITO VISA ELECTRON BRASIL 27/06 ESTACIONAMENTO.;440080;-7
28/06/2016 ;Moradia;5;DEBITO AUT. CONTA AGUA E ESGOTO SABESP;0;-44,76
28/06/2016 ;Transporte;11;DEBITO VISA ELECTRON BRASIL 28/06 POSTO RENOVACAO;542080;-50
28/06/2016 ;Alimentação;1;DEBITO VISA ELECTRON BRASIL 28/06 PADARIA DELICIA;343180;-9,53
28/06/2016 ;Alimentação;1;DEBITO VISA ELECTRON BRASIL 28/06 RB FAST FOOD;440180;-62
28/06/2016 ;Moradia;5;SAQUE NO BANCO 24 HORAS;944257;-250
28/06/2016 ;Outros rendimentos;7;REMUNERACAO CONTAMAX CDB DI;0;0,01
29/06/2016 ;Transporte;11;PAGAMENTO DE MULTA TRANSITO CANAIS INTERNET LICENCIAMENTO EL;0;-68,1
29/06/2016 ;Alimentação;1;DEBITO VISA ELECTRON BRASIL 29/06 PADARIA DELICIA;184380;-21,63
30/06/2016 ;Celular;2;RECARGA TELEFONE CELULAR IB 11 *****6651 TIM BRASI;0;-15
01/07/2016 ;Saúde;10;DEBITO AUTOM EMPRESAS CONVENIADAS ESC. BIO PAULI;0;-79,9
04/07/2016 ;Alimentação;1;DEBITO VISA ELECTRON BRASIL 02/07 PANIFICADORA ER;450680;-13,5
05/07/2016 ;Transporte;11;DEBITO VISA ELECTRON BRASIL 05/07 POSTO RENOVACAO;340080;-50
05/07/2016 ;Alimentação;1;DEBITO VISA ELECTRON BRASIL 05/07 SUPERMERCADO SU;124780;-6,98
05/07/2016 ;Outros rendimentos;7;REMUNERACAO CONTAMAX CDB DI;0;0,01
06/07/2016 ;Salário;9;PAGAMENTO A FORNECEDORES CNPJ 057978850000186;10706;3.300,73
06/07/2016 ;Alimentação;1;DEBITO VISA ELECTRON BRASIL 06/07 PIZZARIA RED;394780;-47,16
07/07/2016 ;Cartão de crédito;12;PAGAMENTO CARTAO CREDITO BCE 07/07 09:05 CARTAO VISA;90548;-281,68
07/07/2016 ;Celular;2;RECARGA TELEFONE CELULAR IB 11 *****6651 TIM BRASI;0;-15
07/07/2016 ;Transporte;11;DEBITO VISA ELECTRON BRASIL 07/07 ESTACIONAMENTO.;395980;-8
07/07/2016 ;Outros rendimentos;7;REMUNERACAO CONTAMAX CDB DI;0;0,09
08/07/2016 ;Alimentação;1;DEBITO VISA ELECTRON BRASIL 08/07 NORDESTAO;40480;-36
08/07/2016 ;Alimentação;1;DEBITO VISA ELECTRON BRASIL 08/07 JOMAN H LTDA;224180;-57,5
08/07/2016 ;Outros rendimentos;7;REMUNERACAO CONTAMAX CDB DI;0;0,03
11/07/2016 ;Outras despesas;6;DEBITO VISA ELECTRON BRASIL 09/07 MERCADOPAGO;433980;-210
11/07/2016 ;Outras despesas;6;DEBITO VISA ELECTRON BRASIL 09/07 A M COMERCIO;151180;-90
11/07/2016 ;Alimentação;1;DEBITO VISA ELECTRON BRASIL 09/07 ANCHIETA LANCHE;452980;-6
11/07/2016 ;Alimentação;1;DEBITO VISA ELECTRON BRASIL 09/07 HOCCA BAR 01;150180;-31
11/07/2016 ;Alimentação;1;DEBITO VISA ELECTRON BRASIL 09/07 EMPORIO STA.TER;551980;-7,38
11/07/2016 ;Alimentação;1;DEBITO VISA ELECTRON BRASIL 09/07 TEMPEROS BRASIL;193180;-6
11/07/2016 ;Alimentação;1;DEBITO VISA ELECTRON BRASIL 09/07 CASA SALGADOS R;235580;-22
11/07/2016 ;Lazer;4;DEBITO VISA ELECTRON BRASIL 10/07 MANIFESTO BAR;435880;-46,5
11/07/2016 ;Alimentação;1;DEBITO VISA ELECTRON BRASIL 10/07 MC DONALDS EMA;442280;-20,5
11/07/2016 ;Alimentação;1;DEBITO VISA ELECTRON BRASIL 10/07 SUPERMERCADO GA;493180;-18,57
11/07/2016 ;Transporte;11;DEBITO VISA ELECTRON BRASIL 11/07 AUTO POSTO RENO;440080;-50
11/07/2016 ;Alimentação;1;DEBITO VISA ELECTRON BRASIL 11/07 VIVEND CAMARAO;44180;-54,8
11/07/2016 ;Transporte;11;DEBITO VISA ELECTRON BRASIL 11/07 ESTACIONAMENTO.;64580;-8
11/07/2016 ;Transporte;11;PAGAMENTO DE MULTA TRANSITO CANAIS INTERNET LICENCIAMENTO EL;0;-68,1
11/07/2016 ;Outros rendimentos;7;REMUNERACAO CONTAMAX CDB DI;0;0,32
12/07/2016 ;Alimentação;1;DEBITO VISA ELECTRON BRASIL 12/07 PADARIA DELICIA;291880;-22,2
12/07/2016 ;Alimentação;1;DEBITO VISA ELECTRON BRASIL 12/07 STMARCHE ANALIA;583180;-22,31
12/07/2016 ;Outros rendimentos;7;REMUNERACAO CONTAMAX CDB DI;0;0,02
13/07/2016 ;Saúde;10;DEBITO VISA ELECTRON BRASIL 13/07 DROGARIA SAO PA;382380;-16,84
13/07/2016 ;Alimentação;1;DEBITO VISA ELECTRON BRASIL 13/07 ITOKO CULINARIA;391180;-56,76
13/07/2016 ;Outros rendimentos;7;REMUNERACAO CONTAMAX CDB DI;0;0,04
14/07/2016 ;Alimentação;1;DEBITO VISA ELECTRON BRASIL 14/07 SUPERMERCADO SU;232880;-10,38
15/07/2016 ;Transporte;11;DEBITO VISA ELECTRON BRASIL 16/07 AUTO POSTO BOM;374780;-20
15/07/2016 ;Outros rendimentos;7;REMUNERACAO CONTAMAX CDB DI;0;0,01
18/07/2016 ;Saúde;10;DEBITO VISA ELECTRON BRASIL 18/07 DROGARIA SAO PA;220280;-43,89
18/07/2016 ;Outros rendimentos;7;REMUNERACAO CONTAMAX CDB DI;0;0,04
19/07/2016 ;Transporte;11;DEBITO VISA ELECTRON BRASIL 19/07 POSTO RENOVACAO;1780;-50
19/07/2016 ;Saúde;10;DEBITO VISA ELECTRON BRASIL 19/07 DROGARIA SAO PA;525680;-131,04
19/07/2016 ;Alimentação;1;DEBITO VISA ELECTRON BRASIL 19/07 PANIF ERMELINDA;80780;-18,8
19/07/2016 ;Outros rendimentos;7;REMUNERACAO CONTAMAX CDB DI;0;0,23
21/07/2016 ;Transporte;11;DEBITO VISA ELECTRON BRASIL 21/07 ESTACIONAMENTO.;363580;-35
21/07/2016 ;Outros rendimentos;7;REMUNERACAO CONTAMAX CDB DI;0;0,04
22/07/2016 ;Alimentação;1;DEBITO VISA ELECTRON BRASIL 22/07 PADARIA DELICIA;84380;-15,6
22/07/2016 ;Saúde;10;DEBITO VISA ELECTRON BRASIL 22/07 DROGARIA SAO PA;310580;-16,64
22/07/2016 ;Alimentação;1;DEBITO VISA ELECTRON BRASIL 22/07 JOMAN;524680;-39
22/07/2016 ;Transporte;11;DEBITO VISA ELECTRON BRASIL 22/07 POSTOS IPIRANGA;121480;-30,01
22/07/2016 ;Alimentação;1;DEBITO VISA ELECTRON BRASIL 22/07 POSTOS IPIRANGA;154380;-10
22/07/2016 ;Outros rendimentos;7;REMUNERACAO CONTAMAX CDB DI;0;0,17
25/07/2016 ;Saúde;10;DEBITO VISA ELECTRON BRASIL 23/07 SUPERMERCADO GA;72780;-1,48
25/07/2016 ;Transporte;11;DEBITO VISA ELECTRON BRASIL 23/07 KOGA KOGA;454980;-58
25/07/2016 ;Transporte;11;DEBITO VISA ELECTRON BRASIL 23/07 KOGA KOGA;263280;-34,1
25/07/2016 ;Transporte;11;DEBITO VISA ELECTRON BRASIL 23/07 KOGA KOGA;581780;-64,9
25/07/2016 ;Celular;2;RECARGA TELEFONE CELULAR IB 11 *****6651 TIM BRASI;0;-20
25/07/2016 ;Alimentação;1;DEBITO VISA ELECTRON BRASIL 24/07 MC DONALDS.A.FR;344880;-7
25/07/2016 ;Alimentação;1;DEBITO VISA ELECTRON BRASIL 24/07 CARREFOUR TTE 4;143780;-20,76
25/07/2016 ;Outros rendimentos;7;REMUNERACAO CONTAMAX CDB DI;0;0,35
26/07/2016 ;Alimentação;1;DEBITO VISA ELECTRON BRASIL 26/07 PADARIA DELICIA;75480;-7,63
26/07/2016 ;Alimentação;1;DEBITO VISA ELECTRON BRASIL 26/07 SUPERMERCADO SU;60980;-14,86
26/07/2016 ;Alimentação;1;DEBITO VISA ELECTRON BRASIL 26/07 PADARIA DELICIA;355680;-16,1
26/07/2016 ;Alimentação;1;DEBITO VISA ELECTRON BRASIL 26/07 SUPERMERCADO JO;134780;-15,69
26/07/2016 ;Moradia;5;SAQUE NO BANCO 24 HORAS;425399;-250
26/07/2016 ;Outros rendimentos;7;REMUNERACAO CONTAMAX CDB DI;0;0,48
27/07/2016 ;Outras despesas;6;TAR EXTR CONSOLIDADO INTELIGENTE 25/07/2016;0;-6,2
27/07/2016 ;Moradia;5;DEBITO AUT. CONTA AGUA E ESGOTO SABESP;0;-44,76
27/07/2016 ;Outros rendimentos;7;REMUNERACAO CONTAMAX CDB DI;0;0,04
28/07/2016 ;Alimentação;1;DEBITO VISA ELECTRON BRASIL 28/07 PADARIA DELICIA;385480;-18,7
28/07/2016 ;Outros rendimentos;7;REMUNERACAO CONTAMAX CDB DI;0;0,01
29/07/2016 ;Transporte;11;DEBITO VISA ELECTRON BRASIL 29/07 SAPOPETRO;184080;-50
29/07/2016 ;Alimentação;1;DEBITO VISA ELECTRON BRASIL 29/07 STMARCHE ANALIA;365080;-12,51
29/07/2016 ;Alimentação;1;DEBITO VISA ELECTRON BRASIL 29/07 BAR EMPORIO NOR;534180;-48
01/08/2016 ;Alimentação;1;DEBITO VISA ELECTRON BRASIL 30/07 PANETTERIA DELI;493180;-27,9
01/08/2016 ;Saúde;10;DEBITO AUTOM EMPRESAS CONVENIADAS ESC. BIO PAULI;0;-79,9
01/08/2016 ;Outros rendimentos;7;REMUNERACAO CONTAMAX CDB DI;0;0,13
02/08/2016 ;Transporte;11;DEBITO VISA ELECTRON BRASIL 02/08 PERTO METRO SAO;580080;-20
02/08/2016 ;Saúde;10;DEBITO VISA ELECTRON BRASIL 02/08 2206DROGASIL;492880;-24,46
02/08/2016 ;Outros rendimentos;7;REMUNERACAO CONTAMAX CDB DI;0;0,06
05/08/2016 ;Salário;9;CREDITO DE SALARIO CNPJ 057978850000186;10804;3.621,13
05/08/2016 ;Transporte;11;DEBITO VISA ELECTRON BRASIL 05/08 AUTO POSTO RENO;563280;-50
05/08/2016 ;Alimentação;1;DEBITO VISA ELECTRON BRASIL 05/08 BAR EMPORIO NOR;284880;-18
05/08/2016 ;Alimentação;1;DEBITO VISA ELECTRON BRASIL 05/08 ALMARACHI 2;525580;-21,45
08/08/2016 ;Celular;2;RECARGA TELEFONE CELULAR IB 11 *****6651 TIM BRASI;0;-15
08/08/2016 ;Alimentação;1;DEBITO VISA ELECTRON BRASIL 06/08 SABOR MATE;243880;-9,5
08/08/2016 ;Outras despesas;6;DEBITO VISA ELECTRON BRASIL 07/08 MEI SIM;11080;-12,8
08/08/2016 ;Cartão de crédito;12;PAGAMENTO CARTAO CREDITO BCE 08/08 09:28 CARTAO VISA;92849;-455,14
08/08/2016 ;Outros rendimentos;7;REMUNERACAO CONTAMAX CDB DI;0;0,92
11/08/2016 ;Alimentação;1;DEBITO VISA ELECTRON BRASIL 11/08 TEMPLO DO TEMAK;532280;-61,16
11/08/2016 ;Transporte;11;DEBITO VISA ELECTRON BRASIL 11/08 POSTO RENOVACAO;541980;-50
11/08/2016 ;Outros rendimentos;7;REMUNERACAO CONTAMAX CDB DI;0;0,23
12/08/2016 ;Alimentação;1;DEBITO VISA ELECTRON BRASIL 12/08 STMARCHE ANALIA;431380;-10,18
12/08/2016 ;Roupas;8;DEBITO VISA ELECTRON BRASIL 12/08 LMF MODA;382280;-99
12/08/2016 ;Outras despesas;6;DEBITO VISA ELECTRON BRASIL 12/08 POLO TATUAPE;524080;-79,99
12/08/2016 ;Transporte;11;DEBITO VISA ELECTRON BRASIL 12/08 ESTACIONAMENTO.;261080;-8
12/08/2016 ;Outros rendimentos;7;REMUNERACAO CONTAMAX CDB DI;0;0,43
15/08/2016 ;Alimentação;1;DEBITO VISA ELECTRON BRASIL 15/08 DONA MARICOTA;422780;-32,8
15/08/2016 ;Outros rendimentos;7;REMUNERACAO CONTAMAX CDB DI;0;0,07
17/08/2016 ;Alimentação;1;DEBITO VISA ELECTRON BRASIL 17/08 DIVINA COMIDA;33480;-14
17/08/2016 ;Alimentação;1;DEBITO VISA ELECTRON BRASIL 17/08 STMARCHE ANALIA;200180;-31,91
17/08/2016 ;Outros rendimentos;7;REMUNERACAO CONTAMAX CDB DI;0;0,11
18/08/2016 ;Transporte;11;DEBITO VISA ELECTRON BRASIL 18/08 AUTO POSTO;463980;-30
18/08/2016 ;Alimentação;1;DEBITO VISA ELECTRON BRASIL 18/08 SUPERMERCADO SU;440380;-7,94
18/08/2016 ;Outras despesas;6;DEBITO VISA ELECTRON BRASIL 18/08 PAGSEGUROUOL.ta;34780;-20
18/08/2016 ;Celular;2;RECARGA TELEFONE CELULAR IB 11 *****6651 TIM BRASI;0;-15
18/08/2016 ;Saúde;10;DEBITO VISA ELECTRON BRASIL 18/08 DROGARIA SAO PA;522880;-83,79
18/08/2016 ;Outros rendimentos;7;REMUNERACAO CONTAMAX CDB DI;0;0,39
19/08/2016 ;Alimentação;1;DEBITO VISA ELECTRON BRASIL 19/08 GAGUS;585780;-104
19/08/2016 ;Outros rendimentos;7;REMUNERACAO CONTAMAX CDB DI;0;0,26
22/08/2016 ;Transporte;11;DEBITO VISA ELECTRON BRASIL 20/08 PERTO METRO SAO;1280;-30
22/08/2016 ;Alimentação;1;DEBITO VISA ELECTRON BRASIL 20/08 CHARM LANCHES L;483580;-6,5
22/08/2016 ;Outras despesas;6;SAQUE NO ATM INTERAGENCIA;500154;-50
22/08/2016 ;Outras despesas;6;DEBITO VISA ELECTRON BRASIL 20/08 MADHU;194280;-28,6
22/08/2016 ;Alimentação;1;DEBITO VISA ELECTRON BRASIL 22/08 PADARIA DELICIA;62080;-3,9
22/08/2016 ;Transporte;11;DEBITO VISA ELECTRON BRASIL 22/08 AUTO POSTO UNIC;31680;-20
22/08/2016 ;Saúde;10;DEBITO VISA ELECTRON BRASIL 22/08 DROGARIA SAO PA;470780;-131,04
22/08/2016 ;Outros rendimentos;7;REMUNERACAO CONTAMAX CDB DI;0;0,72
23/08/2016 ;Alimentação;1;DEBITO VISA ELECTRON BRASIL 23/08 PADARIA DELICIA;144180;-4,18
23/08/2016 ;Alimentação;1;DEBITO VISA ELECTRON BRASIL 23/08 DIVINA COMIDA;51280;-27
23/08/2016 ;Outros rendimentos;7;REMUNERACAO CONTAMAX CDB DI;0;0,08
24/08/2016 ;Alimentação;1;DEBITO VISA ELECTRON BRASIL 24/08 DIVINA COMIDA;253580;-15
24/08/2016 ;Transporte;11;DEBITO VISA ELECTRON BRASIL 24/08 POSTOS IPIRANGA;344680;-30,02
24/08/2016 ;Outros rendimentos;7;REMUNERACAO CONTAMAX CDB DI;0;0,12
25/08/2016 ;Outras despesas;6;TAR EXTR CONSOLIDADO INTELIGENTE 23/08/2016;0;-6,2
25/08/2016 ;Outros rendimentos;7;REMUNERACAO CONTAMAX CDB DI;0;0,01
26/08/2016 ;Moradia;5;DEBITO AUT. CONTA AGUA E ESGOTO SABESP;0;-44,76
26/08/2016 ;Lazer;4;DEBITO VISA ELECTRON BRASIL 26/08 JOMAN;303080;-46
26/08/2016 ;Outros rendimentos;7;REMUNERACAO CONTAMAX CDB DI;0;0,27
29/08/2016 ;Alimentação;1;DEBITO VISA ELECTRON BRASIL 27/08 SABOR MATE;595880;-8,5
29/08/2016 ;Saúde;10;DEBITO VISA ELECTRON BRASIL 27/08 DROGA RAIA F66;592980;-19,74
29/08/2016 ;Alimentação;1;DEBITO VISA ELECTRON BRASIL 27/08 SUPERMERCADO JO;495180;-18,15
29/08/2016 ;Outras despesas;6;DEBITO VISA ELECTRON BRASIL 29/08 SAPOPETRO;490980;-30
29/08/2016 ;Alimentação;1;DEBITO VISA ELECTRON BRASIL 29/08 PADARIA DELICIA;533680;-3,5
29/08/2016 ;Outros rendimentos;7;REMUNERACAO CONTAMAX CDB DI;0;0,24
30/08/2016 ;Alimentação;1;DEBITO VISA ELECTRON BRASIL 30/08 SUPERMERCADO SU;173080;-13,2
30/08/2016 ;Outros rendimentos;7;REMUNERACAO CONTAMAX CDB DI;0;0,04
01/09/2016 ;;;DEBITO AUTOM EMPRESAS CONVENIADAS ESC. BIO PAULI;0;-79,9
01/09/2016 ;;;DEBITO VISA ELECTRON BRASIL 01/09 POSTO RENOVACAO;315180;-82
01/09/2016 ;;;RECARGA TELEFONE CELULAR IB 11 *****6651 TIM BRASI;0;-15
01/09/2016 ;;;REMUNERACAO CONTAMAX CDB DI;0;0,59
02/09/2016 ;;;DEBITO VISA ELECTRON BRASIL 02/09 BAR EMPORIO NOR;563780;-34
02/09/2016 ;;;DEBITO VISA ELECTRON BRASIL 02/09 JOMAN H LTDA;2480;-49
02/09/2016 ;;;REMUNERACAO CONTAMAX CDB DI;0;0,28
05/09/2016 ;;;DEBITO VISA ELECTRON BRASIL 03/09 SUPERRCADO GARO;440780;-7,28
05/09/2016 ;;;SAQUE NO BANCO 24 HORAS;521265;-50
05/09/2016 ;;;DEBITO VISA ELECTRON BRASIL 03/09 SUPERRCADO GARO;30580;-11,56
05/09/2016 ;;;PAGAMENTO CARTAO CREDITO BCE 04/09 17:47 CARTAO VISA;174730;-111,81
05/09/2016 ;;;REMUNERACAO CONTAMAX CDB DI;0;0,63
06/09/2016 ;;;LIQUIDO DE VENCIMENTO CNPJ 057978850000186;10906;3.458,76
09/09/2016 ;;;DEBITO VISA ELECTRON BRASIL 09/09 ESTACIONAMENTO.;384880;-8
09/09/2016 ;;;RECARGA TELEFONE CELULAR IB 11 *****6651 TIM BRASI;0;-20
09/09/2016 ;;;DEBITO VISA ELECTRON BRASIL 09/09 SUPERMERCADO JO;394980;-62,73
09/09/2016 ;;;SAQUE NO BANCO 24 HORAS;120313;-200
09/09/2016 ;;;DEBITO VISA ELECTRON BRASIL 09/09 ECOVALE CONVENI;584280;-7,99
09/09/2016 ;;;REMUNERACAO CONTAMAX CDB DI;0;1,12
15/09/2016 ;;;RESTITUICAO IMPOSTO DE RENDA PF DOC IRPF;202003;671,3
15/09/2016 ;;;DEBITO VISA ELECTRON BRASIL 15/09 POSTO RENOVACAO;174380;-50
16/09/2016 ;;;DEBITO VISA ELECTRON BRASIL 16/09 PADARIA LISBOA;513180;-9,7
16/09/2016 ;;;REMUNERACAO CONTAMAX CDB DI;0;0,03
19/09/2016 ;;;DEBITO VISA ELECTRON BRASIL 17/09 SUPERMERCADO JO;470580;-33,81
19/09/2016 ;;;DEBITO VISA ELECTRON BRASIL 19/09 DROGARIA SAO PA;254180;-88,96
19/09/2016 ;;;REMUNERACAO CONTAMAX CDB DI;0;0,52
20/09/2016 ;;;DEBITO VISA ELECTRON BRASIL 20/09 SUPERMERCADO SU;150680;-9
20/09/2016 ;;;REMUNERACAO CONTAMAX CDB DI;0;0,03
21/09/2016 ;;;DEBITO VISA ELECTRON BRASIL 21/09 AUTO POSTO UNIC;474180;-30
21/09/2016 ;;;REMUNERACAO CONTAMAX CDB DI;0;0,13
22/09/2016 ;;;DEBITO VISA ELECTRON BRASIL 22/09 MC DONALDS.A.FR;155580;-29,5
22/09/2016 ;;;SAQUE NO ATM INTERAGENCIA;503975;-160
22/09/2016 ;;;DEBITO VISA ELECTRON BRASIL 22/09 KOPENHAGEN;111180;-27,5
22/09/2016 ;;;DEBITO VISA ELECTRON BRASIL 22/09 ESTACIONAMENTO.;225380;-8
22/09/2016 ;;;DEBITO VISA ELECTRON BRASIL 22/09 SPEEDLAND;471980;-100
22/09/2016 ;;;DEBITO VISA ELECTRON BRASIL 23/09 ICON RESTAURANT;502280;-23,2
22/09/2016 ;;;REMUNERACAO CONTAMAX CDB DI;0;1,44
23/09/2016 ;;;DEBITO VISA ELECTRON BRASIL 23/09 SUPERMERCADO SU;162280;-4,71
23/09/2016 ;;;DEBITO VISA ELECTRON BRASIL 23/09 ESTACIONAMENTO.;315980;-8
23/09/2016 ;;;REMUNERACAO CONTAMAX CDB DI;0;0,03
26/09/2016 ;;;DEBITO VISA ELECTRON BRASIL 24/09 SUPERRCADO GARO;392380;-21,15
26/09/2016 ;;;DEBITO VISA ELECTRON BRASIL 26/09 SAPOPETRO;290180;-30
26/09/2016 ;;;DEBITO VISA ELECTRON BRASIL 26/09 SUPERMERCADO JO;575380;-25,24
26/09/2016 ;;;SAQUE NO BANCO 24 HORAS;815321;-250
26/09/2016 ;;;REMUNERACAO CONTAMAX CDB DI;0;0,93
28/09/2016 ;;;DEBITO AUT. CONTA AGUA E ESGOTO SABESP;0;-44,76
28/09/2016 ;;;TAR EXTR CONSOLIDADO INTELIGENTE 23/09/2016;0;-6,2
28/09/2016 ;;;RECARGA TELEFONE CELULAR IB 11 *****6651 TIM BRASI;0;-15
28/09/2016 ;;;DEBITO VISA ELECTRON BRASIL 28/09 STMARCHE ANALIA;391080;-29,15
28/09/2016 ;;;REMUNERACAO CONTAMAX CDB DI;0;0,28
29/09/2016 ;;;DEBITO VISA ELECTRON BRASIL 29/09 POSTO DE SERVIC;234980;-30
29/09/2016 ;;;REMUNERACAO CONTAMAX CDB DI;0;0,09
03/10/2016 ;;;DEBITO VISA ELECTRON BRASIL 01/10 DUTRA SERVS AUT;464280;-80
03/10/2016 ;;;DEBITO VISA ELECTRON BRASIL 01/10 PAGSEGUROUOL.Cl;20980;-40
03/10/2016 ;;;DEBITO AUTOM EMPRESAS CONVENIADAS ESC. BIO PAULI;0;-79,9
03/10/2016 ;;;REMUNERACAO CONTAMAX CDB DI;0;0,65
04/10/2016 ;;;DEBITO VISA ELECTRON BRASIL 04/10 POSTO RENOVACAO;243480;-50
04/10/2016 ;;;PAGAMENTO CARTAO CREDITO BCE 04/10 13:40 CARTAO VISA;134015;-155,82
04/10/2016 ;;;DEBITO VISA ELECTRON BRASIL 04/10 DROGARIA VIVER;430580;-11,39
